Workbook

Sheet 参数表
A1: 2026 年度经营分析 · 参数表（黄色为可改区）
A2: 大区 | B2: 提成比例 | D2: 大区 | E2: 年度目标（元）
A3: 华东 | B3: 0.08 | D3: 华东 | E3: 450000
A4: 华南 | B4: 0.1 | D4: 华南 | E4: 300000
A5: 华北 | B5: 0.12 | D5: 华北 | E5: 350000
A6: 说明：提成比例与年度目标为手工填写区（黄色），改动后各表自动重算。

Sheet 销售明细
A1: 2026 年销售明细（黄色为填写区，金额 / 提成 / 季度均为公式，请勿手工改动）
A3: 订单号 | B3: 日期 | C3: 大区 | D3: 销售员 | E3: 产品线 | F3: 数量 | G3: 单价（元） | H3: 金额（元） | I3: 提成比例 | J3: 提成（元） | K3: 季度
A4: DD2026-001 | B4: 46026 | C4: 华北 | D4: 郑十一 | E4: 标准版 | F4: 6 | G4: 2980 | H4: =ROUND(F4*G4,2) | I4: =VLOOKUP(C4,参数表!$A$3:$B$5,2,FALSE) | J4: =ROUND(H4*I4,2) | K4: =CHOOSE(MONTH(B4),1,1,1,2,2,2,3,3,3,4,4,4)
A5: DD2026-002 | B5: 46031 | C5: 华北 | D5: 孙八 | E5: 标准版 | F5: 2 | G5: 2980 | H5: =ROUND(F5*G5,2) | I5: =VLOOKUP(C5,参数表!$A$3:$B$5,2,FALSE) | J5: =ROUND(H5*I5,2) | K5: =CHOOSE(MONTH(B5),1,1,1,2,2,2,3,3,3,4,4,4)
A6: DD2026-003 | B6: 46042 | C6: 华南 | D6: 王五 | E6: 标准版 | F6: 4 | G6: 2980 | H6: =ROUND(F6*G6,2) | I6: =VLOOKUP(C6,参数表!$A$3:$B$5,2,FALSE) | J6: =ROUND(H6*I6,2) | K6: =CHOOSE(MONTH(B6),1,1,1,2,2,2,3,3,3,4,4,4)
A7: DD2026-004 | B7: 46071 | C7: 华东 | D7: 李四 | E7: 标准版 | F7: 4 | G7: 2980 | H7: =ROUND(F7*G7,2) | I7: =VLOOKUP(C7,参数表!$A$3:$B$5,2,FALSE) | J7: =ROUND(H7*I7,2) | K7: =CHOOSE(MONTH(B7),1,1,1,2,2,2,3,3,3,4,4,4)
A8: DD2026-005 | B8: 46055 | C8: 华东 | D8: 李四 | E8: 标准版 | F8: 2 | G8: 2980 | H8: =ROUND(F8*G8,2) | I8: =VLOOKUP(C8,参数表!$A$3:$B$5,2,FALSE) | J8: =ROUND(H8*I8,2) | K8: =CHOOSE(MONTH(B8),1,1,1,2,2,2,3,3,3,4,4,4)
A9: DD2026-006 | B9: 46094 | C9: 华东 | D9: 张三 | E9: 标准版 | F9: 6 | G9: 2980 | H9: =ROUND(F9*G9,2) | I9: =VLOOKUP(C9,参数表!$A$3:$B$5,2,FALSE) | J9: =ROUND(H9*I9,2) | K9: =CHOOSE(MONTH(B9),1,1,1,2,2,2,3,3,3,4,4,4)
A10: DD2026-007 | B10: 46096 | C10: 华北 | D10: 孙八 | E10: 标准版 | F10: 6 | G10: 2980 | H10: =ROUND(F10*G10,2) | I10: =VLOOKUP(C10,参数表!$A$3:$B$5,2,FALSE) | J10: =ROUND(H10*I10,2) | K10: =CHOOSE(MONTH(B10),1,1,1,2,2,2,3,3,3,4,4,4)
A11: DD2026-008 | B11: 46094 | C11: 华北 | D11: 孙八 | E11: 标准版 | F11: 8 | G11: 2980 | H11: =ROUND(F11*G11,2) | I11: =VLOOKUP(C11,参数表!$A$3:$B$5,2,FALSE) | J11: =ROUND(H11*I11,2) | K11: =CHOOSE(MONTH(B11),1,1,1,2,2,2,3,3,3,4,4,4)
A12: DD2026-009 | B12: 46129 | C12: 华南 | D12: 赵六 | E12: 标准版 | F12: 4 | G12: 2980 | H12: =ROUND(F12*G12,2) | I12: =VLOOKUP(C12,参数表!$A$3:$B$5,2,FALSE) | J12: =ROUND(H12*I12,2) | K12: =CHOOSE(MONTH(B12),1,1,1,2,2,2,3,3,3,4,4,4)
A13: DD2026-010 | B13: 46125 | C13: 华南 | D13: 赵六 | E13: 标准版 | F13: 4 | G13: 2980 | H13: =ROUND(F13*G13,2) | I13: =VLOOKUP(C13,参数表!$A$3:$B$5,2,FALSE) | J13: =ROUND(H13*I13,2) | K13: =CHOOSE(MONTH(B13),1,1,1,2,2,2,3,3,3,4,4,4)
A14: DD2026-011 | B14: 46159 | C14: 华东 | D14: 周九 | E14: 标准版 | F14: 10 | G14: 2980 | H14: =ROUND(F14*G14,2) | I14: =VLOOKUP(C14,参数表!$A$3:$B$5,2,FALSE) | J14: =ROUND(H14*I14,2) | K14: =CHOOSE(MONTH(B14),1,1,1,2,2,2,3,3,3,4,4,4)
A15: DD2026-012 | B15: 46157 | C15: 华北 | D15: 钱七 | E15: 标准版 | F15: 4 | G15: 2980 | H15: =ROUND(F15*G15,2) | I15: =VLOOKUP(C15,参数表!$A$3:$B$5,2,FALSE) | J15: =ROUND(H15*I15,2) | K15: =CHOOSE(MONTH(B15),1,1,1,2,2,2,3,3,3,4,4,4)
... A33: DD2026-030 | B33: 46374 | C33: 华北 | D33: 郑十一 | E33: 标准版 | F33: 6 | G33: 2980 | H33: =ROUND(F33*G33,2) | I33: =VLOOKUP(C33,参数表!$A$3:$B$5,2,FALSE) | J33: =ROUND(H33*I33,2) | K33: =CHOOSE(MONTH(B33),1,1,1,2,2,2,3,3,3,4,4,4)
A34: 合计 | F34: =SUM(F4:F33) | H34: =SUM(H4:H33) | J34: =SUM(J4:J33)

Sheet 区域汇总
A1: 2026 年大区汇总（全部为公式，自动随明细与参数变化）
A3: 大区 | B3: 订单数 | C3: 销售额（元） | D3: 提成（元） | E3: 年度目标（元） | F3: 达成率 | G3: 平均单（元）
A4: 华东 | B4: =COUNTIFS(销售明细!$C$4:$C$33,A4) | C4: =SUMIFS(销售明细!$H$4:$H$33,销售明细!$C$4:$C$33,A4) | D4: =SUMIFS(销售明细!$J$4:$J$33,销售明细!$C$4:$C$33,A4) | E4: =VLOOKUP(A4,参数表!$D$3:$E$5,2,FALSE) | F4: =IFERROR(C4/E4,0) | G4: =IFERROR(C4/B4,0)
A5: 华南 | B5: =COUNTIFS(销售明细!$C$4:$C$33,A5) | C5: =SUMIFS(销售明细!$H$4:$H$33,销售明细!$C$4:$C$33,A5) | D5: =SUMIFS(销售明细!$J$4:$J$33,销售明细!$C$4:$C$33,A5) | E5: =VLOOKUP(A5,参数表!$D$3:$E$5,2,FALSE) | F5: =IFERROR(C5/E5,0) | G5: =IFERROR(C5/B5,0)
A6: 华北 | B6: =COUNTIFS(销售明细!$C$4:$C$33,A6) | C6: =SUMIFS(销售明细!$H$4:$H$33,销售明细!$C$4:$C$33,A6) | D6: =SUMIFS(销售明细!$J$4:$J$33,销售明细!$C$4:$C$33,A6) | E6: =VLOOKUP(A6,参数表!$D$3:$E$5,2,FALSE) | F6: =IFERROR(C6/E6,0) | G6: =IFERROR(C6/B6,0)
A7: 合计 | B7: =SUM(B4:B6) | C7: =SUM(C4:C6) | D7: =SUM(D4:D6) | E7: =SUM(E4:E6) | F7: =IFERROR(C7/E7,0)

Sheet 季度仪表
A1: 2026 年经营仪表盘
A2: 核心指标
A3: 总销售额（元） | B3: =SUM(销售明细!H4:H33)
A4: 总提成（元） | B4: =SUM(销售明细!J4:J33)
A5: 订单总数 | B5: =COUNTA(销售明细!A4:A33)
A6: 最大单（元） | B6: =MAX(销售明细!H4:H33)
A7: 平均单（元） | B7: =AVERAGE(销售明细!H4:H33)
A8: 年度总达成率 | B8: =IFERROR(B3/区域汇总!E7,0)
A9: 分季度销售额
A10: 季度 | B10: 销售额（元）
A11: Q1 | B11: =SUMIF(销售明细!$K$4:$K$33,1,销售明细!$H$4:$H$33)
A12: Q2 | B12: =SUMIF(销售明细!$K$4:$K$33,2,销售明细!$H$4:$H$33)
A13: Q3 | B13: =SUMIF(销售明细!$K$4:$K$33,3,销售明细!$H$4:$H$33)
A14: Q4 | B14: =SUMIF(销售明细!$K$4:$K$33,4,销售明细!$H$4:$H$33)
A16: 产品线构成
A17: 产品线 | B17: 销售额（元）
A18: 标准版 | B18: =SUMIF(销售明细!$E$4:$E$33,A18,销售明细!$H$4:$H$33)
A19: 专业版 | B19: =SUMIF(销售明细!$E$4:$E$33,A19,销售明细!$H$4:$H$33)
A20: 旗舰版 | B20: =SUMIF(销售明细!$E$4:$E$33,A20,销售明细!$H$4:$H$33)
A21: 定制服务 | B21: =SUMIF(销售明细!$E$4:$E$33,A21,销售明细!$H$4:$H$33)
